﻿{"MembersTotalCount":21,"Members":[{"description":"Samsung electronics","siteUrl":"http://samsung.com","objectType":"VirtoCommerce.CustomerModule.Core.Model.Vendor","name":"samsung","memberType":"Vendor","addresses":[],"phones":[],"emails":[],"notes":[],"groups":[],"dynamicProperties":[],"seoObjectType":"Vendor","seoInfos":[],"createdDate":"2016-12-26T07:19:38.263Z","modifiedDate":"2016-12-26T07:19:38.263Z","createdBy":"admin","modifiedBy":"admin","id":"94597fe09f634914a5fdf76c6ba86b04"},{"objectType":"VirtoCommerce.CustomerModule.Core.Model.Organization","name":"Contoso Bank","memberType":"Organization","addresses":[],"phones":[],"emails":[],"notes":[],"groups":[],"dynamicProperties":[],"seoObjectType":"Organization","seoInfos":[],"createdDate":"2015-10-06T22:39:43.57Z","modifiedDate":"2015-10-06T22:39:43.57Z","createdBy":"unknown","modifiedBy":"unknown","id":"689a72757c754bef97cde51afc663430"},{"objectType":"VirtoCommerce.CustomerModule.Core.Model.Organization","name":"Contoso Hotel","memberType":"Organization","addresses":[],"phones":[],"emails":[],"notes":[],"groups":[],"dynamicProperties":[],"seoObjectType":"Organization","seoInfos":[],"createdDate":"2015-10-06T22:39:43.51Z","modifiedDate":"2015-10-06T22:39:43.51Z","createdBy":"unknown","modifiedBy":"unknown","id":"b23252dafacc4bd0b6e2489d36c51684"},{"objectType":"VirtoCommerce.CustomerModule.Core.Model.Organization","name":"Contoso Ltd.","memberType":"Organization","addresses":[],"phones":[],"emails":[],"notes":[],"groups":[],"dynamicProperties":[],"seoObjectType":"Organization","seoInfos":[],"createdDate":"2015-10-06T22:39:43.483Z","modifiedDate":"2015-10-06T22:39:43.483Z","createdBy":"unknown","modifiedBy":"unknown","id":"f081c52234754c9c8229aa42d6a19220"},{"objectType":"VirtoCommerce.CustomerModule.Core.Model.Organization","name":"Fabrikam, Inc.","memberType":"Organization","addresses":[],"phones":[],"emails":[],"notes":[],"groups":[],"dynamicProperties":[],"seoObjectType":"Organization","seoInfos":[],"createdDate":"2015-10-06T22:39:42.913Z","modifiedDate":"2015-10-06T22:39:42.913Z","createdBy":"unknown","modifiedBy":"unknown","id":"3407620e4b7442488d8a91b9c5e4c085"},{"objectType":"VirtoCommerce.CustomerModule.Core.Model.Organization","name":"org1.com","memberType":"Organization","addresses":[{"addressType":0,"key":"b6467fab9651477192b7f610040eb340","name":"   123 6th St. Melbourne Florida 32904 United States","countryCode":"USA","countryName":"United States","city":"Melbourne","postalCode":"32904","line1":"123 6th St.","regionId":"FL","regionName":"Florida","phone":"5551234"}],"phones":[],"emails":[],"notes":[],"groups":[],"dynamicProperties":[],"seoObjectType":"Organization","seoInfos":[],"createdDate":"2018-05-03T14:41:20.2Z","modifiedDate":"2018-05-03T14:41:20.2Z","createdBy":"frontend","modifiedBy":"frontend","id":"f8512cf2aa004ead858c286b0141e856"},{"fullName":"Alex Starberg","firstName":"Alex","lastName":"Starberg","organizations":[],"objectType":"VirtoCommerce.CustomerModule.Core.Model.Contact","securityAccounts":[{"storeId":"Electronics","memberId":"820c58c5-b518-454b-aefd-2fc4616bd25e","isAdministrator":false,"userType":"Customer","passwordExpired":false,"id":"820c58c5-b518-454b-aefd-2fc4616bd25e","userName":"bomba89@example.com","normalizedUserName":"BOMBA89@EXAMPLE.COM","email":"bomba89@example.com","normalizedEmail":"BOMBA89@EXAMPLE.COM","emailConfirmed":false,"passwordHash":"AHQSmKnSLYrzj9vtdDWWnUXojjpmuDW2cHvWloGL9UL3TC9UCfBmbIuR2YCyg4BpNg==","securityStamp":"BW2XCJQ7XHKTLZVG6DLVKRO2J4N2BCQJ","concurrencyStamp":"0871b5a5-124c-4517-9367-f4eea6744b7f","phoneNumberConfirmed":false,"twoFactorEnabled":false,"lockoutEnabled":true,"accessFailedCount":0}],"name":"Alex Starberg","memberType":"Contact","addresses":[],"phones":[],"emails":[],"notes":[],"groups":[],"dynamicProperties":[],"seoObjectType":"Contact","seoInfos":[],"createdDate":"2015-10-06T22:39:43.597Z","modifiedDate":"2015-10-06T22:39:43.597Z","createdBy":"unknown","modifiedBy":"unknown","id":"820c58c5-b518-454b-aefd-2fc4616bd25e"},{"fullName":"Alex Vi","firstName":"Alex","lastName":"Vi","organizations":[],"objectType":"VirtoCommerce.CustomerModule.Core.Model.Contact","securityAccounts":[],"name":"Alex Vi","memberType":"Contact","addresses":[],"phones":[],"emails":[],"notes":[],"groups":[],"dynamicProperties":[],"seoObjectType":"Contact","seoInfos":[],"createdDate":"2015-10-06T22:39:44.18Z","modifiedDate":"2015-10-06T22:39:44.18Z","createdBy":"unknown","modifiedBy":"unknown","id":"88c0ce58-49c9-4ff5-af0d-10f19d0e38bc"},{"fullName":"Alexander Siniougin","firstName":"Alexander","lastName":"Siniougin","organizations":[],"objectType":"VirtoCommerce.CustomerModule.Core.Model.Contact","securityAccounts":[],"name":"Alexander Siniougin","memberType":"Contact","addresses":[{"addressType":0,"key":"419690fbf9e7429890fd7567fcb02a2b","name":"Alexander Siniougin  20945 Devonshire St Suite 102 Los Angeles California 34535 United States","countryCode":"USA","countryName":"United States","city":"Los Angeles","postalCode":"34535","line1":"20945 Devonshire St Suite 102","regionId":"CA","regionName":"California","firstName":"Alexander","lastName":"Siniougin","phone":"23123","email":"sasha@virtoway.com"}],"phones":[],"emails":["sasha@virtoway.com"],"notes":[],"groups":[],"dynamicProperties":[],"seoObjectType":"Contact","seoInfos":[],"createdDate":"2018-05-03T18:06:53.113Z","modifiedDate":"2018-05-03T18:06:53.113Z","createdBy":"frontend","modifiedBy":"frontend","id":"193423ba90744d2e90a69e9ef7ac57bd"},{"fullName":"Allen Brewer","organizations":[],"objectType":"VirtoCommerce.CustomerModule.Core.Model.Contact","securityAccounts":[],"name":"Allen Brewer","memberType":"Contact","addresses":[],"phones":[],"emails":[],"notes":[],"groups":[],"dynamicProperties":[],"seoObjectType":"Contact","seoInfos":[],"createdDate":"2015-10-06T22:39:44.383Z","modifiedDate":"2015-10-06T22:39:44.383Z","createdBy":"unknown","modifiedBy":"unknown","id":"28db8667130e47ed9dd8edccada4bafc"},{"fullName":"Barny Collins","organizations":[],"objectType":"VirtoCommerce.CustomerModule.Core.Model.Contact","securityAccounts":[{"storeId":"Electronics","memberId":"d2d9b741-5453-4ad8-aa46-d07478b9a931","isAdministrator":false,"userType":"Customer","passwordExpired":false,"id":"d2d9b741-5453-4ad8-aa46-d07478b9a931","userName":"barbar@example.com","normalizedUserName":"BARBAR@EXAMPLE.COM","email":"barbar@example.com","normalizedEmail":"BARBAR@EXAMPLE.COM","emailConfirmed":false,"securityStamp":"GGOXPWP7SQ4XVJIPNJK4KUVTX4AHMIZR","concurrencyStamp":"b75f1399-aabb-43f0-8b00-cc9f7389a41f","phoneNumberConfirmed":false,"twoFactorEnabled":false,"lockoutEnabled":true,"accessFailedCount":0}],"name":"Barny Collins","memberType":"Contact","addresses":[],"phones":[],"emails":[],"notes":[],"groups":[],"dynamicProperties":[],"seoObjectType":"Contact","seoInfos":[],"createdDate":"2015-10-06T22:39:44.2Z","modifiedDate":"2015-10-06T22:39:44.2Z","createdBy":"unknown","modifiedBy":"unknown","id":"d2d9b741-5453-4ad8-aa46-d07478b9a931"},{"fullName":"Ellen Adams","organizations":[],"objectType":"VirtoCommerce.CustomerModule.Core.Model.Contact","securityAccounts":[],"name":"Ellen Adams","memberType":"Contact","addresses":[],"phones":[],"emails":[],"notes":[],"groups":[],"dynamicProperties":[],"seoObjectType":"Contact","seoInfos":[],"createdDate":"2015-10-06T22:39:44.33Z","modifiedDate":"2015-10-06T22:39:44.33Z","createdBy":"unknown","modifiedBy":"unknown","id":"fed2902665164243bec2dcf184184b23"},{"fullName":"Eugene Fritz","birthDate":"2015-09-02T22:00:00Z","organizations":[],"objectType":"VirtoCommerce.CustomerModule.Core.Model.Contact","securityAccounts":[{"storeId":"Electronics","memberId":"42e9ad63-cfe5-4ef8-b5e3-c86522c22d84","isAdministrator":false,"userType":"Customer","passwordExpired":false,"id":"42e9ad63-cfe5-4ef8-b5e3-c86522c22d84","userName":"calfor99@example.com","normalizedUserName":"CALFOR99@EXAMPLE.COM","email":"calfor99@example.com","normalizedEmail":"CALFOR99@EXAMPLE.COM","emailConfirmed":false,"securityStamp":"JEO4VQGP7YUTK3UG5DXW5RBPOMP6ANSV","concurrencyStamp":"51eca321-a286-4697-aa7d-ee6360e77b3d","phoneNumberConfirmed":false,"twoFactorEnabled":false,"lockoutEnabled":true,"accessFailedCount":0}],"name":"Eugene Fritz","memberType":"Contact","addresses":[],"phones":[],"emails":[],"notes":[],"groups":[],"dynamicProperties":[],"seoObjectType":"Contact","seoInfos":[],"createdDate":"2015-10-06T22:39:44.223Z","modifiedDate":"2015-10-06T22:39:44.223Z","createdBy":"unknown","modifiedBy":"unknown","id":"42e9ad63-cfe5-4ef8-b5e3-c86522c22d84"},{"fullName":"George Basker","organizations":[],"objectType":"VirtoCommerce.CustomerModule.Core.Model.Contact","securityAccounts":[{"storeId":"Electronics","memberId":"0cda0396-43fe-4034-a20e-d0bab4c88c93","isAdministrator":false,"userType":"Customer","passwordExpired":false,"id":"0cda0396-43fe-4034-a20e-d0bab4c88c93","userName":"georgebas@example.com","normalizedUserName":"GEORGEBAS@EXAMPLE.COM","email":"georgebas@example.com","normalizedEmail":"GEORGEBAS@EXAMPLE.COM","emailConfirmed":false,"securityStamp":"N7D3RBPC43UB2TTZQROZJYJL5MNO6FWI","concurrencyStamp":"90ab4d86-1aef-4716-b95d-495255d02b7b","phoneNumberConfirmed":false,"twoFactorEnabled":false,"lockoutEnabled":true,"accessFailedCount":0}],"name":"George Basker","memberType":"Contact","addresses":[],"phones":[],"emails":[],"notes":[],"groups":[],"dynamicProperties":[],"seoObjectType":"Contact","seoInfos":[],"createdDate":"2015-10-06T22:39:44.35Z","modifiedDate":"2015-10-06T22:39:44.35Z","createdBy":"unknown","modifiedBy":"unknown","id":"0cda0396-43fe-4034-a20e-d0bab4c88c93"},{"fullName":"James Smith","firstName":"James","lastName":"Smith","organizations":["f8512cf2aa004ead858c286b0141e856"],"objectType":"VirtoCommerce.CustomerModule.Core.Model.Contact","securityAccounts":[{"storeId":"B2B-store","memberId":"9d5b5d2ee74b48ffb1212bb87d47864f","isAdministrator":false,"userType":"Customer","passwordExpired":false,"id":"8a9c09c3-c96f-4b29-83c0-c565ea9d9d11","userName":"james@org1.com","normalizedUserName":"JAMES@ORG1.COM","email":"james@org1.com","normalizedEmail":"JAMES@ORG1.COM","emailConfirmed":false,"passwordHash":"AQAAAAEAACcQAAAAEB4silKy54vW2qVW0HfXqPUxLvMWS+ieqpawYOLmzJKGHxNGX4V7tZIH+Zmu2SpMZA==","securityStamp":"3N5UPW5RMO7FCTR6KKUCSICSP246PYGL","concurrencyStamp":"5a383086-4c46-4fdb-91b7-047f192e5fae","phoneNumberConfirmed":false,"twoFactorEnabled":false,"lockoutEnabled":true,"accessFailedCount":0}],"name":"James Smith","memberType":"Contact","addresses":[{"addressType":0,"key":"16524c5dd9e8452ea0cae740cd1a49dd","name":"   123 6th St. Melbourne Florida 32904 United States","countryCode":"USA","countryName":"United States","city":"Melbourne","postalCode":"32904","line1":"123 6th St.","regionId":"FL","regionName":"Florida","firstName":"James","lastName":"Smith","phone":"5551234","email":"james@org1.com"}],"phones":[],"emails":["james@org1.com"],"notes":[],"groups":["VIP"],"dynamicProperties":[],"seoObjectType":"Contact","seoInfos":[],"createdDate":"2018-05-03T14:41:20.607Z","modifiedDate":"2018-05-03T14:41:20.607Z","createdBy":"frontend","modifiedBy":"frontend","id":"9d5b5d2ee74b48ffb1212bb87d47864f"},{"fullName":"John Starberg","organizations":[],"objectType":"VirtoCommerce.CustomerModule.Core.Model.Contact","securityAccounts":[],"name":"John Starberg","memberType":"Contact","addresses":[],"phones":[],"emails":[],"notes":[],"groups":[],"dynamicProperties":[],"seoObjectType":"Contact","seoInfos":[],"createdDate":"2015-10-06T22:39:44.267Z","modifiedDate":"2015-10-06T22:39:44.267Z","createdBy":"unknown","modifiedBy":"unknown","id":"ae0e9e44-a1ca-4527-8319-0e92b0eb16f9"},{"fullName":"Jules Butera","firstName":"Jules","lastName":"Butera","organizations":[],"objectType":"VirtoCommerce.CustomerModule.Core.Model.Contact","securityAccounts":[{"storeId":"Electronics","memberId":"6ce84e68d1944cab8715bb8302a67159","isAdministrator":false,"passwordExpired":false,"id":"de79b21b-a8b1-4dae-bc8d-fbce20d21f17","userName":"test_user@mail.com","normalizedUserName":"TEST_USER@MAIL.COM","email":"test_user@mail.com","normalizedEmail":"TEST_USER@MAIL.COM","emailConfirmed":false,"passwordHash":"AHSedGcBSJtzLsPD+p0J10Y9W2rbme/dnl7XwelSKfS9i/+WVvnVSf2UjUOaTeuQiQ==","securityStamp":"SWU2PS62A5QWX2NWJ5526T7GL4ZTPGTQ","concurrencyStamp":"1915a4e7-3aeb-49ca-87b7-f4eb8dd637c6","phoneNumberConfirmed":false,"twoFactorEnabled":false,"lockoutEnabled":true,"accessFailedCount":0}],"name":"Jules Butera","memberType":"Contact","addresses":[],"phones":[],"emails":[],"notes":[],"groups":[],"dynamicProperties":[],"seoObjectType":"Contact","seoInfos":[],"createdDate":"2018-12-29T12:37:37.217Z","modifiedDate":"2018-12-29T12:37:37.217Z","createdBy":"frontend","modifiedBy":"frontend","id":"6ce84e68d1944cab8715bb8302a67159"},{"fullName":"Lisa Andrews","organizations":[],"objectType":"VirtoCommerce.CustomerModule.Core.Model.Contact","securityAccounts":[],"name":"Lisa Andrews","memberType":"Contact","addresses":[],"phones":[],"emails":[],"notes":[],"groups":[],"dynamicProperties":[],"seoObjectType":"Contact","seoInfos":[],"createdDate":"2015-10-06T22:39:44.367Z","modifiedDate":"2015-10-06T22:39:44.367Z","createdBy":"unknown","modifiedBy":"unknown","id":"43cc012e2587409dab327e0b52db3894"},{"salutation":"999.99","fullName":"Maria Garcia","firstName":"Maria","lastName":"Garcia","organizations":["f8512cf2aa004ead858c286b0141e856"],"objectType":"VirtoCommerce.CustomerModule.Core.Model.Contact","securityAccounts":[{"storeId":"B2B-store","memberId":"d8c6c1770b5a4ce8904bf83b227541b4","isAdministrator":false,"userType":"Customer","passwordExpired":false,"id":"9574ce89-3db5-4755-b286-51ab01df8c56","userName":"maria@org1.com","normalizedUserName":"MARIA@ORG1.COM","email":"maria@org1.com","normalizedEmail":"MARIA@ORG1.COM","emailConfirmed":false,"passwordHash":"AQAAAAEAACcQAAAAEL+IcASTAhIfxd9ffN4RZOkpRq3nYpSXhvpbE+bIOmbHRDdCwPte1IAywoaVjCc1Bg==","securityStamp":"7L6SHD67LIFQBMWUHIRNNXUU5HDIZOLB","concurrencyStamp":"97ba8311-53f8-4e06-ae45-a166e2647190","phoneNumberConfirmed":false,"twoFactorEnabled":false,"lockoutEnabled":true,"accessFailedCount":0}],"name":"Maria Garcia","memberType":"Contact","addresses":[],"phones":[],"emails":["maria@org1.com"],"notes":[],"groups":[],"dynamicProperties":[],"seoObjectType":"Contact","seoInfos":[],"createdDate":"2018-05-03T14:55:46.207Z","modifiedDate":"2018-05-03T14:55:46.207Z","createdBy":"james@org1.com","modifiedBy":"james@org1.com","id":"d8c6c1770b5a4ce8904bf83b227541b4"},{"fullName":"Rob White","organizations":[],"objectType":"VirtoCommerce.CustomerModule.Core.Model.Contact","securityAccounts":[{"storeId":"Electronics","memberId":"237a4784-d25f-419e-b4d7-cf151393d1cc","isAdministrator":false,"userType":"Customer","passwordExpired":false,"id":"237a4784-d25f-419e-b4d7-cf151393d1cc","userName":"whity@example.com","normalizedUserName":"WHITY@EXAMPLE.COM","email":"whity@example.com","normalizedEmail":"WHITY@EXAMPLE.COM","emailConfirmed":false,"securityStamp":"4AIGIPATEY2IBGWRWJ7D6VA5BQYN7KAE","concurrencyStamp":"770f75ae-d559-425c-990b-dd237184984c","phoneNumberConfirmed":false,"twoFactorEnabled":false,"lockoutEnabled":true,"accessFailedCount":0}],"name":"Rob White","memberType":"Contact","addresses":[],"phones":[],"emails":[],"notes":[],"groups":[],"dynamicProperties":[],"seoObjectType":"Contact","seoInfos":[],"createdDate":"2015-10-06T22:39:44.29Z","modifiedDate":"2015-10-06T22:39:44.29Z","createdBy":"unknown","modifiedBy":"unknown","id":"237a4784-d25f-419e-b4d7-cf151393d1cc"},{"fullName":"Sam Green","organizations":[],"objectType":"VirtoCommerce.CustomerModule.Core.Model.Contact","securityAccounts":[{"storeId":"Electronics","memberId":"5f807280-bb1a-42b2-9a96-ed107269ea06","isAdministrator":false,"userType":"Customer","passwordExpired":false,"id":"5f807280-bb1a-42b2-9a96-ed107269ea06","userName":"goal44@example.com","normalizedUserName":"GOAL44@EXAMPLE.COM","email":"goal44@example.com","normalizedEmail":"GOAL44@EXAMPLE.COM","emailConfirmed":false,"securityStamp":"64KX33ELG5AU6AYTRAXPVXRAI7OPQ7JM","concurrencyStamp":"19ae7e3d-45fa-49cc-b4a1-a47d40e2fd1d","phoneNumberConfirmed":false,"twoFactorEnabled":false,"lockoutEnabled":true,"accessFailedCount":0}],"name":"Sam Green","memberType":"Contact","addresses":[],"phones":[],"emails":[],"notes":[],"groups":[],"dynamicProperties":[],"seoObjectType":"Contact","seoInfos":[],"createdDate":"2015-10-06T22:39:44.31Z","modifiedDate":"2015-10-06T22:39:44.31Z","createdBy":"unknown","modifiedBy":"unknown","id":"5f807280-bb1a-42b2-9a96-ed107269ea06"}]}