{"Sitemaps":[{"location":"sitemap/vendor.xml","storeId":"Electronics","items":[],"urlTemplate":"{slug}","totalItemsCount":1,"pagedLocations":[],"createdDate":"2019-09-17T10:01:42.927Z","modifiedDate":"2019-09-17T10:01:42.927Z","createdBy":"unknown","modifiedBy":"unknown","id":"007885500366414880da8d6e9ffda108"},{"location":"sitemap/products.xml","storeId":"Clothing","items":[],"urlTemplate":"{language}/{slug}","totalItemsCount":3,"pagedLocations":[],"createdDate":"2019-09-17T10:01:42.927Z","modifiedDate":"2019-09-17T10:01:42.927Z","createdBy":"unknown","modifiedBy":"unknown","id":"0345316ed6b14fb290fe44c2420fff7b"},{"location":"sitemap/catalog.xml","storeId":"Electronics","items":[],"urlTemplate":"{language}/{slug}","totalItemsCount":5,"pagedLocations":[],"createdDate":"2019-09-17T10:01:42.927Z","modifiedDate":"2019-09-17T10:01:42.927Z","createdBy":"unknown","modifiedBy":"unknown","id":"2c82debe589049a092543d41f675f233"},{"location":"sitemap/blog.xml","storeId":"Electronics","items":[],"urlTemplate":"{language}/{slug}","totalItemsCount":3,"pagedLocations":[],"createdDate":"2019-09-17T10:01:42.927Z","modifiedDate":"2019-09-17T10:01:42.927Z","createdBy":"unknown","modifiedBy":"unknown","id":"91f6cee7b46c4b0a93a4068754b75a9f"}],"SitemapItems":[{"sitemapId":"0345316ed6b14fb290fe44c2420fff7b","title":"Dresses","imageUrl":"catalog/344394719.jpg","objectId":"7c51d90394f145d0859810e38a48a41e","objectType":"category","itemsRecords":[],"createdDate":"2019-09-17T10:01:42.993Z","modifiedDate":"2019-09-17T10:01:42.993Z","createdBy":"unknown","modifiedBy":"unknown","id":"05c0e8a3f12f4a289a990ce45a69ed67"},{"sitemapId":"2c82debe589049a092543d41f675f233","title":"Camcorders","imageUrl":"catalog/1023206.jpg","objectId":"45d3fc9a913d4610a5c7d0470558c4b2","objectType":"category","itemsRecords":[],"createdDate":"2019-09-17T10:01:42.993Z","modifiedDate":"2019-09-17T10:01:42.993Z","createdBy":"unknown","modifiedBy":"unknown","id":"0732a8fd70cb4bb5b7a81322671cfaa3"},{"sitemapId":"0345316ed6b14fb290fe44c2420fff7b","title":"Shoes & Boots","imageUrl":"catalog/MO049AWGCO07_1_v1.jpg","objectId":"ac56b04c5da54f038c53852f62810f27","objectType":"category","itemsRecords":[],"createdDate":"2019-09-17T10:01:42.993Z","modifiedDate":"2019-09-17T10:01:42.993Z","createdBy":"unknown","modifiedBy":"unknown","id":"1088446f49624a9997f75b4e05857705"},{"sitemapId":"2c82debe589049a092543d41f675f233","title":"Televisions","imageUrl":"catalog/tv.jpg","objectId":"c76774f9047d4f18a916b38681c50557","objectType":"category","itemsRecords":[],"createdDate":"2019-09-17T10:01:42.993Z","modifiedDate":"2019-09-17T10:01:42.993Z","createdBy":"unknown","modifiedBy":"unknown","id":"3e6844b107f7460bab431e140b0c71ff"},{"sitemapId":"2c82debe589049a092543d41f675f233","title":"Headphones","imageUrl":"catalog/headphones.jpg","objectId":"4b50b398ff584af9b6d69c082c94844b","objectType":"category","itemsRecords":[],"createdDate":"2019-09-17T10:01:42.993Z","modifiedDate":"2019-09-17T10:01:42.993Z","createdBy":"unknown","modifiedBy":"unknown","id":"406a984aa3e24bef9c8d1ff5e1c9fca4"},{"sitemapId":"007885500366414880da8d6e9ffda108","title":"samsung","objectId":"94597fe09f634914a5fdf76c6ba86b04","objectType":"Vendor","itemsRecords":[],"createdDate":"2019-09-17T10:01:42.993Z","modifiedDate":"2019-09-17T10:01:42.993Z","createdBy":"unknown","modifiedBy":"unknown","id":"5485a9ff28aa4bdea4f1d9f2c63b452a"},{"sitemapId":"2c82debe589049a092543d41f675f233","title":"Home Theater","imageUrl":"catalog/home theater.jpg","objectId":"b1c093973bb24179bf130886b0477a18","objectType":"category","itemsRecords":[],"createdDate":"2019-09-17T10:01:42.993Z","modifiedDate":"2019-09-17T10:01:42.993Z","createdBy":"unknown","modifiedBy":"unknown","id":"65b9d109fc0645bb9417116cf2edb366"},{"sitemapId":"91f6cee7b46c4b0a93a4068754b75a9f","title":"blogs/news/awesome_post","objectType":"Custom","urlTemplate":"blogs/news/awesome_post","itemsRecords":[],"createdDate":"2019-09-17T10:01:42.993Z","modifiedDate":"2019-09-17T10:01:42.993Z","createdBy":"unknown","modifiedBy":"unknown","id":"6e0a24871800487bb1dc3b7c19b2373d"},{"sitemapId":"91f6cee7b46c4b0a93a4068754b75a9f","title":"blogs/news","objectType":"Custom","urlTemplate":"blogs/news","itemsRecords":[],"createdDate":"2019-09-17T10:01:42.993Z","modifiedDate":"2019-09-17T10:01:42.993Z","createdBy":"unknown","modifiedBy":"unknown","id":"6f7ac82fe8814016b4c4e05738500966"},{"sitemapId":"0345316ed6b14fb290fe44c2420fff7b","title":"Accessories","imageUrl":"catalog/1_5b4cfc96-3fe2-4ee2-a554-a57febd1c666_large.jpeg","objectId":"8e4b6aa0df1a465799ab79bb54269c49","objectType":"category","itemsRecords":[],"createdDate":"2019-09-17T10:01:42.993Z","modifiedDate":"2019-09-17T10:01:42.993Z","createdBy":"unknown","modifiedBy":"unknown","id":"a62dda7834a54296b67d91c44db21ce9"},{"sitemapId":"91f6cee7b46c4b0a93a4068754b75a9f","title":"blogs/news/new_page2","objectType":"Custom","urlTemplate":"blogs/news/new_page2","itemsRecords":[],"createdDate":"2019-09-17T10:01:42.993Z","modifiedDate":"2019-09-17T10:01:42.993Z","createdBy":"unknown","modifiedBy":"unknown","id":"cc6a0201a37f46bb81a3d515fa72c995"},{"sitemapId":"2c82debe589049a092543d41f675f233","title":"Cell phones","imageUrl":"catalog/sell phones.jpg","objectId":"0d4ad9bab9184d69a6e586effdf9c2ea","objectType":"category","itemsRecords":[],"createdDate":"2019-09-17T10:01:42.993Z","modifiedDate":"2019-09-17T10:01:42.993Z","createdBy":"unknown","modifiedBy":"unknown","id":"fdded563af9e4d8cb558b4e8bbdfff45"}]}