ProductName;ProductCode;Category;Editorial Review
Winter Fur Hooded Single Breast Pocket Embellished Jean Coat;LF13111411;women-clothes;<div><div><strong>Item specifics</strong></div><br><ul><li><strong>type</strong>Jean vest</li><li><strong>style</strong>Straight</li><li><strong>Country of Manufacture:</strong>China</li><li><strong>Brand:</strong>wholesale</li><li><strong>Returns:</strong>30 days money back or item exchange, buyer pays return shipping</li></ul><br><br></div>
Kid's Cartoon Bear Claw Footprint Hollow Slippers;O1302240;kids-shoes;<div><div><strong>Item specifics</strong></div><br><ul><li><strong>Design Feature</strong>Platforms</li><li><strong>Pattern</strong>Dot</li><li><strong>Country of Manufacture:</strong>China</li><li><strong>Brand:</strong>wholesale</li><li><strong>Returns:</strong>30 days money back or item exchange, buyer pays return shipping</li></ul><br><br></div>
Renaissance V-Opening Bowknot Platforms Beige;U10081322;women-shoes;<div><div><strong>Item specifics</strong></div><br><ul><li><strong>Heel Heights</strong>High 8 to 10 cm</li><li><strong>Heel shapes</strong>Wedges</li><li><strong>Ankle Strap</strong>no</li><li><strong>style</strong>Rounded Toe</li><li><strong>Country of Manufacture:</strong>China</li><li><strong>Brand:</strong>wholesale</li><li><strong>Returns:</strong>30 days money back or item exchange, buyer pays return shipping</li></ul><br><br></div>
Stylish V-Neck Fake Two Pieces T-Shirt Deep Blue;SW12021713;mens-clothes;
Fashion Double Breast lapel Collar Coat Black;LF13111410;women-clothes;<div><div><strong>Item specifics</strong></div><br><ul><li><strong>length</strong>long</li><li><strong>neckline</strong>collar</li><li><strong>sleeve</strong>long sleeve</li><li><strong>Country of Manufacture:</strong>China</li><li><strong>Brand:</strong>wholesale</li><li><strong>Returns:</strong>30 days money back or item exchange, buyer pays return shipping</li></ul><br><br></div>
Letters Printed Special Design Men's PU Shoes White;M10101409;mens-shoes;<div><div><strong>Item specifics</strong></div><br><ul><li><strong>Style</strong>Casual</li><li><strong>Age Group</strong>Adult</li><li><strong>Feature</strong>Unbreakable</li><li><strong>Country of Manufacture:</strong>China</li><li><strong>Brand:</strong>wholesale</li><li><strong>Returns:</strong>30 days money back or item exchange, buyer pays return shipping</li></ul><br><br></div>
Style Cute Cat Design Long Sleeves Ear Hooded Fleece Kid's Coat Green;TZ130909000;kids-clothes;<div><div><strong>Item specifics</strong></div><br><ul><li><strong>Style</strong>Casual</li><li><strong>Length</strong>Short</li><li><strong>Feature</strong>Soft</li><li><strong>Sleeve</strong>Long Sleeves</li><li><strong>Collar</strong>Round Collar</li><li><strong>Gender</strong>Girls</li><li><strong>Country of Manufacture:</strong>China</li><li><strong>Brand:</strong>wholesale</li><li><strong>Returns:</strong>30 days money back or item exchange, buyer pays return shipping</li></ul><br><br></div>
Lovely Cat Pattern Hollow Kid's Shoe;SF13030808;kids-shoes;<div><div><strong>Item specifics</strong></div><br><ul><li><strong>Style</strong>Casual</li><li><strong>Feature</strong>Anti-slip</li><li><strong>Gender</strong>Girls</li><li><strong>Country of Manufacture:</strong>China</li><li><strong>Brand:</strong>wholesale</li><li><strong>Returns:</strong>30 days money back or item exchange, buyer pays return shipping</li></ul><br><br></div>