Name;Code;Weight;Category;Color-EN;Color-ES;Size;Editorial Review;TaxCategory
Winter Fur Hooded Single Breast Pocket Embellished Jean Coat Blue;LF13111411-0;1;women-clothes;Blue;Azul;XS;<div><div><strong>Item specifics</strong></div><br><ul><li><strong>type</strong>Jean vest</li><li><strong>style</strong>Straight</li><li><strong>Country of Manufacture:</strong>China</li><li><strong>Brand:</strong>wholesale</li><li><strong>Returns:</strong>30 days money back or item exchange, buyer pays return shipping</li></ul><br><br></div>;Clothes
Winter Fur Hooded Single Breast Pocket Embellished Jean Coat Blue;LF13111411-1;1,1;women-clothes;Blue;Azul;S;<div><div><strong>Item specifics</strong></div><br><ul><li><strong>type</strong>Jean vest</li><li><strong>style</strong>Straight</li><li><strong>Country of Manufacture:</strong>China</li><li><strong>Brand:</strong>wholesale</li><li><strong>Returns:</strong>30 days money back or item exchange, buyer pays return shipping</li></ul><br><br></div>;Clothes
Winter Fur Hooded Single Breast Pocket Embellished Jean Coat Blue;LF13111411-2;1,2;women-clothes;Blue;Azul;M;<div><div><strong>Item specifics</strong></div><br><ul><li><strong>type</strong>Jean vest</li><li><strong>style</strong>Straight</li><li><strong>Country of Manufacture:</strong>China</li><li><strong>Brand:</strong>wholesale</li><li><strong>Returns:</strong>30 days money back or item exchange, buyer pays return shipping</li></ul><br><br></div>;Clothes
Winter Fur Hooded Single Breast Pocket Embellished Jean Coat Blue;LF13111411-3;1,3;women-clothes;Blue;Azul;L;<div><div><strong>Item specifics</strong></div><br><ul><li><strong>type</strong>Jean vest</li><li><strong>style</strong>Straight</li><li><strong>Country of Manufacture:</strong>China</li><li><strong>Brand:</strong>wholesale</li><li><strong>Returns:</strong>30 days money back or item exchange, buyer pays return shipping</li></ul><br><br></div>;Clothes
Winter Fur Hooded Single Breast Pocket Embellished Jean Coat Blue;LF13111411-4;1,4;women-clothes;Blue;Azul;XL;<div><div><strong>Item specifics</strong></div><br><ul><li><strong>type</strong>Jean vest</li><li><strong>style</strong>Straight</li><li><strong>Country of Manufacture:</strong>China</li><li><strong>Brand:</strong>wholesale</li><li><strong>Returns:</strong>30 days money back or item exchange, buyer pays return shipping</li></ul><br><br></div>;Clothes
Fashion Double Breast lapel Collar Coat Black;LF13111410-1;1,2;women-clothes;Black;Negro;S;<div><div><strong>Item specifics</strong></div><br><ul><li><strong>length</strong>long</li><li><strong>neckline</strong>collar</li><li><strong>sleeve</strong>long sleeve</li><li><strong>Country of Manufacture:</strong>China</li><li><strong>Brand:</strong>wholesale</li><li><strong>Returns:</strong>30 days money back or item exchange, buyer pays return shipping</li></ul><br><br></div>;Clothes
Fashion Double Breast lapel Collar Coat Black;LF13111410-2;1,2;women-clothes;Black;Negro;M;<div><div><strong>Item specifics</strong></div><br><ul><li><strong>length</strong>long</li><li><strong>neckline</strong>collar</li><li><strong>sleeve</strong>long sleeve</li><li><strong>Country of Manufacture:</strong>China</li><li><strong>Brand:</strong>wholesale</li><li><strong>Returns:</strong>30 days money back or item exchange, buyer pays return shipping</li></ul><br><br></div>;Clothes
Fashion Double Breast lapel Collar Coat Black;LF13111410-3;1,2;women-clothes;Black;Negro;L;<div><div><strong>Item specifics</strong></div><br><ul><li><strong>length</strong>long</li><li><strong>neckline</strong>collar</li><li><strong>sleeve</strong>long sleeve</li><li><strong>Country of Manufacture:</strong>China</li><li><strong>Brand:</strong>wholesale</li><li><strong>Returns:</strong>30 days money back or item exchange, buyer pays return shipping</li></ul><br><br></div>;Clothes
Renaissance V-Opening Bowknot Platforms Beige;U10081322-1;1;women-shoes;Beige;Beige;36;<div><div><strong>Item specifics</strong></div><br><ul><li><strong>Heel Heights</strong>High 8 to 10 cm</li><li><strong>Heel shapes</strong>Wedges</li><li><strong>Ankle Strap</strong>no</li><li><strong>style</strong>Rounded Toe</li><li><strong>Country of Manufacture:</strong>China</li><li><strong>Brand:</strong>wholesale</li><li><strong>Returns:</strong>30 days money back or item exchange, buyer pays return shipping</li></ul><br><br></div>;Shoes
Renaissance V-Opening Bowknot Platforms Beige;U10081322-2;1;women-shoes;Beige;Beige;37;<div><div><strong>Item specifics</strong></div><br><ul><li><strong>Heel Heights</strong>High 8 to 10 cm</li><li><strong>Heel shapes</strong>Wedges</li><li><strong>Ankle Strap</strong>no</li><li><strong>style</strong>Rounded Toe</li><li><strong>Country of Manufacture:</strong>China</li><li><strong>Brand:</strong>wholesale</li><li><strong>Returns:</strong>30 days money back or item exchange, buyer pays return shipping</li></ul><br><br></div>;Shoes
Renaissance V-Opening Bowknot Platforms Beige;U10081322-3;1;women-shoes;Beige;Beige;38;<div><div><strong>Item specifics</strong></div><br><ul><li><strong>Heel Heights</strong>High 8 to 10 cm</li><li><strong>Heel shapes</strong>Wedges</li><li><strong>Ankle Strap</strong>no</li><li><strong>style</strong>Rounded Toe</li><li><strong>Country of Manufacture:</strong>China</li><li><strong>Brand:</strong>wholesale</li><li><strong>Returns:</strong>30 days money back or item exchange, buyer pays return shipping</li></ul><br><br></div>;Shoes
Renaissance V-Opening Bowknot Platforms Beige;U10081322-4;1;women-shoes;Beige;Beige;39;<div><div><strong>Item specifics</strong></div><br><ul><li><strong>Heel Heights</strong>High 8 to 10 cm</li><li><strong>Heel shapes</strong>Wedges</li><li><strong>Ankle Strap</strong>no</li><li><strong>style</strong>Rounded Toe</li><li><strong>Country of Manufacture:</strong>China</li><li><strong>Brand:</strong>wholesale</li><li><strong>Returns:</strong>30 days money back or item exchange, buyer pays return shipping</li></ul><br><br></div>;Shoes
Renaissance V-Opening Bowknot Platforms Beige;U10081322-5;1;women-shoes;Beige;Beige;40;<div><div><strong>Item specifics</strong></div><br><ul><li><strong>Heel Heights</strong>High 8 to 10 cm</li><li><strong>Heel shapes</strong>Wedges</li><li><strong>Ankle Strap</strong>no</li><li><strong>style</strong>Rounded Toe</li><li><strong>Country of Manufacture:</strong>China</li><li><strong>Brand:</strong>wholesale</li><li><strong>Returns:</strong>30 days money back or item exchange, buyer pays return shipping</li></ul><br><br></div>;Shoes
Stylish V-Neck Fake Two Pieces T-Shirt Deep Blue;SW12021713-1;0,45;mens-clothes;Blue;Azul;S;;Clothes
Stylish V-Neck Fake Two Pieces T-Shirt Deep Blue;SW12021713-2;0,45;mens-clothes;Blue;Azul;M;;Clothes
Stylish V-Neck Fake Two Pieces T-Shirt Deep Blue;SW12021713-3;0,45;mens-clothes;Blue;Azul;L;;Clothes
Stylish V-Neck Fake Two Pieces T-Shirt Deep Blue;SW12021713-4;0,45;mens-clothes;Blue;Azul;XL;;Clothes
Stylish V-Neck Fake Two Pieces T-Shirt Deep Blue;SW12021713-5;0,45;mens-clothes;Blue;Azul;XXL;;Clothes
Letters Printed Special Design Men's PU Shoes White;M10101409-41;0,78;mens-shoes;White;Blanco;41;<div><div><strong>Item specifics</strong></div><br><ul><li><strong>Style</strong>Casual</li><li><strong>Age Group</strong>Adult</li><li><strong>Feature</strong>Unbreakable</li><li><strong>Country of Manufacture:</strong>China</li><li><strong>Brand:</strong>wholesale</li><li><strong>Returns:</strong>30 days money back or item exchange, buyer pays return shipping</li></ul><br><br></div>;Shoes
Letters Printed Special Design Men's PU Shoes White;M10101409-415;0,78;mens-shoes;White;Blanco;41,5;<div><div><strong>Item specifics</strong></div><br><ul><li><strong>Style</strong>Casual</li><li><strong>Age Group</strong>Adult</li><li><strong>Feature</strong>Unbreakable</li><li><strong>Country of Manufacture:</strong>China</li><li><strong>Brand:</strong>wholesale</li><li><strong>Returns:</strong>30 days money back or item exchange, buyer pays return shipping</li></ul><br><br></div>;Shoes
Letters Printed Special Design Men's PU Shoes White;M10101409-42;0,78;mens-shoes;White;Blanco;42;<div><div><strong>Item specifics</strong></div><br><ul><li><strong>Style</strong>Casual</li><li><strong>Age Group</strong>Adult</li><li><strong>Feature</strong>Unbreakable</li><li><strong>Country of Manufacture:</strong>China</li><li><strong>Brand:</strong>wholesale</li><li><strong>Returns:</strong>30 days money back or item exchange, buyer pays return shipping</li></ul><br><br></div>;Shoes
Letters Printed Special Design Men's PU Shoes White;M10101409-425;0,78;mens-shoes;White;Blanco;42,5;<div><div><strong>Item specifics</strong></div><br><ul><li><strong>Style</strong>Casual</li><li><strong>Age Group</strong>Adult</li><li><strong>Feature</strong>Unbreakable</li><li><strong>Country of Manufacture:</strong>China</li><li><strong>Brand:</strong>wholesale</li><li><strong>Returns:</strong>30 days money back or item exchange, buyer pays return shipping</li></ul><br><br></div>;Shoes
Letters Printed Special Design Men's PU Shoes White;M10101409-43;0,78;mens-shoes;White;Blanco;43;<div><div><strong>Item specifics</strong></div><br><ul><li><strong>Style</strong>Casual</li><li><strong>Age Group</strong>Adult</li><li><strong>Feature</strong>Unbreakable</li><li><strong>Country of Manufacture:</strong>China</li><li><strong>Brand:</strong>wholesale</li><li><strong>Returns:</strong>30 days money back or item exchange, buyer pays return shipping</li></ul><br><br></div>;Shoes
Letters Printed Special Design Men's PU Shoes White;M10101409-435;0,78;mens-shoes;White;Blanco;43,5;<div><div><strong>Item specifics</strong></div><br><ul><li><strong>Style</strong>Casual</li><li><strong>Age Group</strong>Adult</li><li><strong>Feature</strong>Unbreakable</li><li><strong>Country of Manufacture:</strong>China</li><li><strong>Brand:</strong>wholesale</li><li><strong>Returns:</strong>30 days money back or item exchange, buyer pays return shipping</li></ul><br><br></div>;Shoes
Letters Printed Special Design Men's PU Shoes White;M10101409-44;0,78;mens-shoes;White;Blanco;44;<div><div><strong>Item specifics</strong></div><br><ul><li><strong>Style</strong>Casual</li><li><strong>Age Group</strong>Adult</li><li><strong>Feature</strong>Unbreakable</li><li><strong>Country of Manufacture:</strong>China</li><li><strong>Brand:</strong>wholesale</li><li><strong>Returns:</strong>30 days money back or item exchange, buyer pays return shipping</li></ul><br><br></div>;Shoes
Style Cute Cat Design Long Sleeves Ear Hooded Fleece Kid's Coat Green;TZ130909100;0,4;kids-clothes;Green;Verde;100;<div><div><strong>Item specifics</strong></div><br><ul><li><strong>Style</strong>Casual</li><li><strong>Length</strong>Short</li><li><strong>Feature</strong>Soft</li><li><strong>Sleeve</strong>Long Sleeves</li><li><strong>Collar</strong>Round Collar</li><li><strong>Gender</strong>Girls</li><li><strong>Country of Manufacture:</strong>China</li><li><strong>Brand:</strong>wholesale</li><li><strong>Returns:</strong>30 days money back or item exchange, buyer pays return shipping</li></ul><br><br></div>;Clothes
Style Cute Cat Design Long Sleeves Ear Hooded Fleece Kid's Coat Green;TZ130909110;0,4;kids-clothes;Green;Verde;110;<div><div><strong>Item specifics</strong></div><br><ul><li><strong>Style</strong>Casual</li><li><strong>Length</strong>Short</li><li><strong>Feature</strong>Soft</li><li><strong>Sleeve</strong>Long Sleeves</li><li><strong>Collar</strong>Round Collar</li><li><strong>Gender</strong>Girls</li><li><strong>Country of Manufacture:</strong>China</li><li><strong>Brand:</strong>wholesale</li><li><strong>Returns:</strong>30 days money back or item exchange, buyer pays return shipping</li></ul><br><br></div>;Clothes
Style Cute Cat Design Long Sleeves Ear Hooded Fleece Kid's Coat Green;TZ130909120;0,4;kids-clothes;Green;Verde;120;<div><div><strong>Item specifics</strong></div><br><ul><li><strong>Style</strong>Casual</li><li><strong>Length</strong>Short</li><li><strong>Feature</strong>Soft</li><li><strong>Sleeve</strong>Long Sleeves</li><li><strong>Collar</strong>Round Collar</li><li><strong>Gender</strong>Girls</li><li><strong>Country of Manufacture:</strong>China</li><li><strong>Brand:</strong>wholesale</li><li><strong>Returns:</strong>30 days money back or item exchange, buyer pays return shipping</li></ul><br><br></div>;Clothes
Style Cute Cat Design Long Sleeves Ear Hooded Fleece Kid's Coat Green;TZ130909130;0,4;kids-clothes;Green;Verde;130;<div><div><strong>Item specifics</strong></div><br><ul><li><strong>Style</strong>Casual</li><li><strong>Length</strong>Short</li><li><strong>Feature</strong>Soft</li><li><strong>Sleeve</strong>Long Sleeves</li><li><strong>Collar</strong>Round Collar</li><li><strong>Gender</strong>Girls</li><li><strong>Country of Manufacture:</strong>China</li><li><strong>Brand:</strong>wholesale</li><li><strong>Returns:</strong>30 days money back or item exchange, buyer pays return shipping</li></ul><br><br></div>;Clothes
Kid's Cartoon Bear Claw Footprint Hollow Slippers Yellow;O13022404;0,4;kids-shoes;Yellow;Amarillo;22;<div><div><strong>Item specifics</strong></div><br><ul><li><strong>Design Feature</strong>Platforms</li><li><strong>Pattern</strong>Dot</li><li><strong>Country of Manufacture:</strong>China</li><li><strong>Brand:</strong>wholesale</li><li><strong>Returns:</strong>30 days money back or item exchange, buyer pays return shipping</li></ul><br><br></div>;Shoes
Kid's Cartoon Bear Claw Footprint Hollow Slippers Yellow;O13022405;0,4;kids-shoes;Yellow;Amarillo;23;<div><div><strong>Item specifics</strong></div><br><ul><li><strong>Design Feature</strong>Platforms</li><li><strong>Pattern</strong>Dot</li><li><strong>Country of Manufacture:</strong>China</li><li><strong>Brand:</strong>wholesale</li><li><strong>Returns:</strong>30 days money back or item exchange, buyer pays return shipping</li></ul><br><br></div>;Shoes
Lovely Cat Pattern Hollow Kids Shoe Rose;SF13030808-10;0,2;kids-shoes;Rose;Rosa;21;<div><div><strong>Item specifics</strong></div><br><ul><li><strong>Style</strong>Casual</li><li><strong>Feature</strong>Anti-slip</li><li><strong>Gender</strong>Girls</li><li><strong>Country of Manufacture:</strong>China</li><li><strong>Brand:</strong>wholesale</li><li><strong>Returns:</strong>30 days money back or item exchange, buyer pays return shipping</li></ul><br><br></div>;Shoes
Lovely Cat Pattern Hollow Kids Shoe Rose;SF13030808-11;0,2;kids-shoes;Rose;Rosa;23;<div><div><strong>Item specifics</strong></div><br><ul><li><strong>Style</strong>Casual</li><li><strong>Feature</strong>Anti-slip</li><li><strong>Gender</strong>Girls</li><li><strong>Country of Manufacture:</strong>China</li><li><strong>Brand:</strong>wholesale</li><li><strong>Returns:</strong>30 days money back or item exchange, buyer pays return shipping</li></ul><br><br></div>;Shoes
Lovely Cat Pattern Hollow Kids Shoe Rose;SF13030808-12;0,2;kids-shoes;Rose;Rosa;24;<div><div><strong>Item specifics</strong></div><br><ul><li><strong>Style</strong>Casual</li><li><strong>Feature</strong>Anti-slip</li><li><strong>Gender</strong>Girls</li><li><strong>Country of Manufacture:</strong>China</li><li><strong>Brand:</strong>wholesale</li><li><strong>Returns:</strong>30 days money back or item exchange, buyer pays return shipping</li></ul><br><br></div>;Shoes
Lovely Cat Pattern Hollow Kids Shoe Rose;SF13030808-13;0,2;kids-shoes;Rose;Rosa;25;<div><div><strong>Item specifics</strong></div><br><ul><li><strong>Style</strong>Casual</li><li><strong>Feature</strong>Anti-slip</li><li><strong>Gender</strong>Girls</li><li><strong>Country of Manufacture:</strong>China</li><li><strong>Brand:</strong>wholesale</li><li><strong>Returns:</strong>30 days money back or item exchange, buyer pays return shipping</li></ul><br><br></div>;Shoes
Lovely Cat Pattern Hollow Kids Shoe Rose;SF13030808-14;0,2;kids-shoes;Rose;Rosa;26;<div><div><strong>Item specifics</strong></div><br><ul><li><strong>Style</strong>Casual</li><li><strong>Feature</strong>Anti-slip</li><li><strong>Gender</strong>Girls</li><li><strong>Country of Manufacture:</strong>China</li><li><strong>Brand:</strong>wholesale</li><li><strong>Returns:</strong>30 days money back or item exchange, buyer pays return shipping</li></ul><br><br></div>;Shoes
Lovely Cat Pattern Hollow Kids Shoe Red;SF13030808-2;0,2;kids-shoes;Red;Rojo;22;<div><div><strong>Item specifics</strong></div><br><ul><li><strong>Style</strong>Casual</li><li><strong>Feature</strong>Anti-slip</li><li><strong>Gender</strong>Girls</li><li><strong>Country of Manufacture:</strong>China</li><li><strong>Brand:</strong>wholesale</li><li><strong>Returns:</strong>30 days money back or item exchange, buyer pays return shipping</li></ul><br><br></div>;Shoes
Lovely Cat Pattern Hollow Kids Shoe Yellow;SF13030808-3;0,2;kids-shoes;Yellow;Amarillo;29;<div><div><strong>Item specifics</strong></div><br><ul><li><strong>Style</strong>Casual</li><li><strong>Feature</strong>Anti-slip</li><li><strong>Gender</strong>Girls</li><li><strong>Country of Manufacture:</strong>China</li><li><strong>Brand:</strong>wholesale</li><li><strong>Returns:</strong>30 days money back or item exchange, buyer pays return shipping</li></ul><br><br></div>;Shoes