RelationType;Group;ParentCode;ChildCode
sku;Size;LF13111411;LF13111411-0
sku;Size;LF13111411;LF13111411-1
sku;Size;LF13111411;LF13111411-2
sku;Size;LF13111411;LF13111411-3
sku;Size;LF13111411;LF13111411-4
sku;Size;LF13111410;LF13111410-1
sku;Size;LF13111410;LF13111410-2
sku;Size;LF13111410;LF13111410-3
sku;Size;O1302240;O13022404
sku;Size;O1302240;O13022405
sku;Size;U10081322;U10081322-1
sku;Size;U10081322;U10081322-2
sku;Size;U10081322;U10081322-3
sku;Size;U10081322;U10081322-4
sku;Size;U10081322;U10081322-5
sku;Size;SW12021713;SW12021713-1
sku;Size;SW12021713;SW12021713-2
sku;Size;SW12021713;SW12021713-3
sku;Size;SW12021713;SW12021713-4
sku;Size;SW12021713;SW12021713-5
sku;Size;M10101409;M10101409-41
sku;Size;M10101409;M10101409-415
sku;Size;M10101409;M10101409-42
sku;Size;M10101409;M10101409-425
sku;Size;M10101409;M10101409-43
sku;Size;M10101409;M10101409-435
sku;Size;M10101409;M10101409-44
sku;Size;TZ130909000;TZ130909100
sku;Size;TZ130909000;TZ130909110
sku;Size;TZ130909000;TZ130909120
sku;Size;TZ130909000;TZ130909130
sku;Size;SF13030808;SF13030808-10
sku;Size;SF13030808;SF13030808-11
sku;Size;SF13030808;SF13030808-12
sku;Size;SF13030808;SF13030808-13
sku;Size;SF13030808;SF13030808-14
sku;Size;SF13030808;SF13030808-2
sku;Size;SF13030808;SF13030808-3
sku;Color;SF13030808;SF13030808-10
sku;Color;SF13030808;SF13030808-11
sku;Color;SF13030808;SF13030808-12
sku;Color;SF13030808;SF13030808-13
sku;Color;SF13030808;SF13030808-14
sku;Color;SF13030808;SF13030808-2
sku;Color;SF13030808;SF13030808-3