ItemId,AssetId,AssetType,Asset group
LF13111411,catalog\LF13111411\201311141722zgs.jpg,image,primaryimage
LF13111411,catalog\LF13111411\s201311141722vgm.jpg,image,images
LF13111411,catalog\LF13111411\s201311141722wna.jpg,image,images
LF13111411,catalog\LF13111411\s201311141722qit.jpg,image,images
LF13111411,catalog\LF13111411\s201311141722ybf.jpg,image,images
LF13111411,catalog\LF13111411\s201311141722xjy.jpg,image,images
LF13111410-1,catalog\LF13111410-1\201311141715cun.jpg,image,primaryimage
LF13111410-1,catalog\LF13111410-1\201311141715ivg.jpg,image,images
LF13111410-1,catalog\LF13111410-1\201311141715lbh.jpg,image,images
LF13111410-1,catalog\LF13111410-1\201311141715sdc.jpg,image,images
U10081322,catalog\U10081322\1281658664702250740.jpg,image,primaryimage
U10081322,catalog\U10081322\1281658664623411919.jpg,image,images
U10081322,catalog\U10081322\1281658664839649189.jpg,image,images
U10081322,catalog\U10081322\1281658664405024270.jpg,image,images
M10101409,catalog\M10101409\1287014961631631966.jpg,image,primaryimage
M10101409,catalog\M10101409\1287014961835774140.jpg,image,images
SW12021713-1,catalog\SW12021713-1\1329389041531655802.jpg,image,primaryimage
SW12021713-1,catalog\SW12021713-1\1329389041145785007.jpg,image,images
SW12021713-1,catalog\SW12021713-1\1329389041163554925.jpg,image,images
SW12021713-1,catalog\SW12021713-1\1329389041431018394.jpg,image,images
TZ13090910-1,catalog\TZ13090910-1\201310081412eds.jpg,image,primaryimage
TZ13090910-1,catalog\TZ13090910-1\201310081412aud.jpg,image,images
TZ13090910-1,catalog\TZ13090910-1\201310081412ize.jpg,image,images
TZ13090910-1,catalog\TZ13090910-1\201310081412npm.jpg,image,images
TZ13090910-1,catalog\TZ13090910-1\201310081412nvm.jpg,image,images
TZ13090910-1,catalog\TZ13090910-1\201310081412yut.jpg,image,images
TZ13090910-1,catalog\TZ13090910-1\201310081412crr.jpg,image,images
TZ13090910-1,catalog\TZ13090910-1\201310081412fht.jpg,image,images
TZ13090910-1,catalog\TZ13090910-1\201310081412iqy.jpg,image,images
O13022404,catalog\O13022404\201302242025blp.jpg,image,primaryimage
O13022405,catalog\O13022404\201302242025blp.jpg,image,primaryimage
O1302240,catalog\O13022404\201302242025abh.jpg,image,primaryimage
SF13030808,catalog\SF13030808\s201303080226igk.jpg,image,primaryimage
SF13030808-10,catalog\SF13030808\201303080230ahn.jpg,image,primaryimage
SF13030808-11,catalog\SF13030808\201303080230ahn.jpg,image,primaryimage
SF13030808-12,catalog\SF13030808\201303080230ahn.jpg,image,primaryimage
SF13030808-13,catalog\SF13030808\201303080230ahn.jpg,image,primaryimage
SF13030808-14,catalog\SF13030808\201303080230ahn.jpg,image,primaryimage
SF13030808-2,catalog\SF13030808\201303080229ozh.jpg,image,primaryimage
SF13030808-2,catalog\SF13030808\s201303080229jqp.jpg,image,images
SF13030808-2,catalog\SF13030808\s201303080229koe.jpg,image,images
SF13030808-2,catalog\SF13030808\s201303080229omc.jpg,image,images
SF13030808-2,catalog\SF13030808\s201303080229zhr.jpg,image,images
SF13030808-3,catalog\SF13030808\201303080226mcp.jpg,image,primaryimage