Pricelist;Quantity;List price;Sale price;Sku code
DefaultEUR;1;25;23;LF13111411-0
DefaultEUR;1;25;23;LF13111411-1
DefaultEUR;1;25;23;LF13111411-2
DefaultEUR;1;25;23;LF13111411-3
DefaultEUR;1;25;23;LF13111411-4
DefaultEUR;1;33;31;LF13111410-1
DefaultEUR;1;33;31;LF13111410-2
DefaultEUR;1;33;31;LF13111410-3
DefaultEUR;1;3;2,55;O13022404
DefaultEUR;1;3;2,55;O13022405
DefaultEUR;1;13;12,5;U10081322-1
DefaultEUR;1;13;12,5;U10081322-2
DefaultEUR;1;13;12,5;U10081322-3
DefaultEUR;1;13;12,5;U10081322-4
DefaultEUR;1;13;12,5;U10081322-5
DefaultEUR;1;13;12,5;SW12021713-1
DefaultEUR;1;13;12,5;SW12021713-2
DefaultEUR;1;13;12,5;SW12021713-3
DefaultEUR;1;13;12,5;SW12021713-4
DefaultEUR;1;13;12,5;SW12021713-5
DefaultEUR;1;44;40;M10101409-41
DefaultEUR;1;44;40;M10101409-415
DefaultEUR;1;44;40;M10101409-42
DefaultEUR;1;44;40;M10101409-425
DefaultEUR;1;44;40;M10101409-43
DefaultEUR;1;44;40;M10101409-435
DefaultEUR;1;44;40;M10101409-44
DefaultEUR;1;22;21;TZ130909100
DefaultEUR;1;22;21;TZ130909110
DefaultEUR;1;22;21;TZ130909120
DefaultEUR;1;22;21;TZ130909130
DefaultEUR;1;2;1,79;SF13030808-10
DefaultEUR;1;2;1,79;SF13030808-11
DefaultEUR;1;2;1,79;SF13030808-12
DefaultEUR;1;2;1,79;SF13030808-13
DefaultEUR;1;2;1,79;SF13030808-14
DefaultEUR;1;2;1,79;SF13030808-2
DefaultEUR;1;2;1,79;SF13030808-3
DefaultUSD;1;25;23;LF13111411-0
DefaultUSD;1;25;23;LF13111411-1
DefaultUSD;1;25;23;LF13111411-2
DefaultUSD;1;25;23;LF13111411-3
DefaultUSD;1;25;23;LF13111411-4
DefaultUSD;1;33;31;LF13111410-1
DefaultUSD;1;33;31;LF13111410-2
DefaultUSD;1;33;31;LF13111410-3
DefaultUSD;1;3;2,55;O13022404
DefaultUSD;1;3;2,55;O13022405
DefaultUSD;1;13;12,5;U10081322-1
DefaultUSD;1;13;12,5;U10081322-2
DefaultUSD;1;13;12,5;U10081322-3
DefaultUSD;1;13;12,5;U10081322-4
DefaultUSD;1;13;12,5;U10081322-5
DefaultUSD;1;13;12,5;SW12021713-1
DefaultUSD;1;13;12,5;SW12021713-2
DefaultUSD;1;13;12,5;SW12021713-3
DefaultUSD;1;13;12,5;SW12021713-4
DefaultUSD;1;13;12,5;SW12021713-5
DefaultUSD;1;44;40;M10101409-41
DefaultUSD;1;44;40;M10101409-415
DefaultUSD;1;44;40;M10101409-42
DefaultUSD;1;44;40;M10101409-425
DefaultUSD;1;44;40;M10101409-43
DefaultUSD;1;44;40;M10101409-435
DefaultUSD;1;44;40;M10101409-44
DefaultUSD;1;22;21;TZ130909100
DefaultUSD;1;22;21;TZ130909110
DefaultUSD;1;22;21;TZ130909120
DefaultUSD;1;22;21;TZ130909130
DefaultUSD;1;2;1,79;SF13030808-10
DefaultUSD;1;2;1,79;SF13030808-11
DefaultUSD;1;2;1,79;SF13030808-12
DefaultUSD;1;2;1,79;SF13030808-13
DefaultUSD;1;2;1,79;SF13030808-14
DefaultUSD;1;2;1,79;SF13030808-2
DefaultUSD;1;2;1,79;SF13030808-3